--
-- Create Schema Script 
--   Database Version   : 11.2.0.1.0 
--   Toad Version       : 10.0.0.41 
--   DB Connect String  : ORCL 
--   Schema             : SCOTT 
--   Script Created by  : SCOTT 
--   Script Created at  : 11/06/2018 11:24:39 
--   Physical Location  :  
--   Notes              :  
--

-- Object Counts: 
--   Indexes: 2         Columns: 2          
--   Tables: 4          Columns: 18         Constraints: 3      


CREATE TABLE BONUS
(
  ENAME  VARCHAR2(10 BYTE),
  JOB    VARCHAR2(9 BYTE),
  SAL    NUMBER,
  COMM   NUMBER
)
LOGGING 
NOCOMPRESS 
NOCACHE
NOPARALLEL
MONITORING;


CREATE TABLE DEPT
(
  DEPTNO  NUMBER(2),
  DNAME   VARCHAR2(14 BYTE),
  LOC     VARCHAR2(13 BYTE)
)
LOGGING 
NOCOMPRESS 
NOCACHE
NOPARALLEL
MONITORING;


CREATE TABLE EMP
(
  EMPNO     NUMBER(4),
  ENAME     VARCHAR2(10 BYTE),
  JOB       VARCHAR2(9 BYTE),
  MGR       NUMBER(4),
  HIREDATE  DATE,
  SAL       NUMBER(7,2),
  COMM      NUMBER(7,2),
  DEPTNO    NUMBER(2)
)
LOGGING 
NOCOMPRESS 
NOCACHE
NOPARALLEL
MONITORING;


CREATE TABLE SALGRADE
(
  GRADE  NUMBER,
  LOSAL  NUMBER,
  HISAL  NUMBER
)
LOGGING 
NOCOMPRESS 
NOCACHE
NOPARALLEL
MONITORING;


CREATE UNIQUE INDEX PK_DEPT ON DEPT
(DEPTNO)
LOGGING
NOPARALLEL;


CREATE UNIQUE INDEX PK_EMP ON EMP
(EMPNO)
LOGGING
NOPARALLEL;


ALTER TABLE DEPT ADD (
  CONSTRAINT PK_DEPT
 PRIMARY KEY
 (DEPTNO));

ALTER TABLE EMP ADD (
  CONSTRAINT PK_EMP
 PRIMARY KEY
 (EMPNO));

ALTER TABLE EMP ADD (
  CONSTRAINT FK_DEPTNO 
 FOREIGN KEY (DEPTNO) 
 REFERENCES DEPT (DEPTNO));
 
SET DEFINE OFF;
Insert into SCOTT.DEPT
   (DEPTNO, DNAME, LOC)
 Values
   (10, 'ACCOUNTING', 'NEW YORK');
Insert into SCOTT.DEPT
   (DEPTNO, DNAME, LOC)
 Values
   (20, 'RESEARCH', 'DALLAS');
Insert into SCOTT.DEPT
   (DEPTNO, DNAME, LOC)
 Values
   (30, 'SALES', 'CHICAGO');
Insert into SCOTT.DEPT
   (DEPTNO, DNAME, LOC)
 Values
   (40, 'OPERATIONS', 'BOSTON');
COMMIT;

SET DEFINE OFF;
Insert into SCOTT.SALGRADE
   (GRADE, LOSAL, HISAL)
 Values
   (1, 700, 1200);
Insert into SCOTT.SALGRADE
   (GRADE, LOSAL, HISAL)
 Values
   (2, 1201, 1400);
Insert into SCOTT.SALGRADE
   (GRADE, LOSAL, HISAL)
 Values
   (3, 1401, 2000);
Insert into SCOTT.SALGRADE
   (GRADE, LOSAL, HISAL)
 Values
   (4, 2001, 3000);
Insert into SCOTT.SALGRADE
   (GRADE, LOSAL, HISAL)
 Values
   (5, 3001, 9999);
COMMIT;
SET DEFINE OFF;
Insert into SCOTT.EMP
   (EMPNO, ENAME, JOB, MGR, HIREDATE, SAL, DEPTNO)
 Values
   (7369, 'SMITH', 'CLERK', 7902, 
    TO_DATE('12/17/1980 00:00:00', 'MM/DD/YYYY HH24:MI:SS'), 800, 20);
Insert into SCOTT.EMP
   (EMPNO, ENAME, JOB, MGR, HIREDATE, SAL, COMM, DEPTNO)
 Values
   (7499, 'ALLEN', 'SALESMAN', 7698, 
    TO_DATE('02/20/1981 00:00:00', 'MM/DD/YYYY HH24:MI:SS'), 1600, 300, 30);
Insert into SCOTT.EMP
   (EMPNO, ENAME, JOB, MGR, HIREDATE, SAL, COMM, DEPTNO)
 Values
   (7521, 'WARD', 'SALESMAN', 7698, 
    TO_DATE('02/22/1981 00:00:00', 'MM/DD/YYYY HH24:MI:SS'), 1250, 500, 30);
Insert into SCOTT.EMP
   (EMPNO, ENAME, JOB, MGR, HIREDATE, SAL, DEPTNO)
 Values
   (7566, 'JONES', 'MANAGER', 7839, 
    TO_DATE('04/02/1981 00:00:00', 'MM/DD/YYYY HH24:MI:SS'), 2975, 20);
Insert into SCOTT.EMP
   (EMPNO, ENAME, JOB, MGR, HIREDATE, SAL, COMM, DEPTNO)
 Values
   (7654, 'MARTIN', 'SALESMAN', 7698, 
    TO_DATE('09/28/1981 00:00:00', 'MM/DD/YYYY HH24:MI:SS'), 1250, 1400, 30);
Insert into SCOTT.EMP
   (EMPNO, ENAME, JOB, MGR, HIREDATE, SAL, DEPTNO)
 Values
   (7698, 'BLAKE', 'MANAGER', 7839, 
    TO_DATE('05/01/1981 00:00:00', 'MM/DD/YYYY HH24:MI:SS'), 2850, 30);
Insert into SCOTT.EMP
   (EMPNO, ENAME, JOB, MGR, HIREDATE, SAL, DEPTNO)
 Values
   (7782, 'CLARK', 'MANAGER', 7839, 
    TO_DATE('06/09/1981 00:00:00', 'MM/DD/YYYY HH24:MI:SS'), 2450, 10);
Insert into SCOTT.EMP
   (EMPNO, ENAME, JOB, MGR, HIREDATE, SAL, DEPTNO)
 Values
   (7788, 'SCOTT', 'ANALYST', 7566, 
    TO_DATE('04/19/1987 00:00:00', 'MM/DD/YYYY HH24:MI:SS'), 3000, 20);
Insert into SCOTT.EMP
   (EMPNO, ENAME, JOB, HIREDATE, SAL, DEPTNO)
 Values
   (7839, 'KING', 'PRESIDENT', 
    TO_DATE('11/17/1981 00:00:00', 'MM/DD/YYYY HH24:MI:SS'), 5000, 10);
Insert into SCOTT.EMP
   (EMPNO, ENAME, JOB, MGR, HIREDATE, SAL, COMM, DEPTNO)
 Values
   (7844, 'TURNER', 'SALESMAN', 7698, 
    TO_DATE('09/08/1981 00:00:00', 'MM/DD/YYYY HH24:MI:SS'), 1500, 0, 30);
Insert into SCOTT.EMP
   (EMPNO, ENAME, JOB, MGR, HIREDATE, SAL, DEPTNO)
 Values
   (7876, 'ADAMS', 'CLERK', 7788, 
    TO_DATE('05/23/1987 00:00:00', 'MM/DD/YYYY HH24:MI:SS'), 1100, 20);
Insert into SCOTT.EMP
   (EMPNO, ENAME, JOB, MGR, HIREDATE, SAL, DEPTNO)
 Values
   (7900, 'JAMES', 'CLERK', 7698, 
    TO_DATE('12/03/1981 00:00:00', 'MM/DD/YYYY HH24:MI:SS'), 950, 30);
Insert into SCOTT.EMP
   (EMPNO, ENAME, JOB, MGR, HIREDATE, SAL, DEPTNO)
 Values
   (7902, 'FORD', 'ANALYST', 7566, 
    TO_DATE('12/03/1981 00:00:00', 'MM/DD/YYYY HH24:MI:SS'), 3000, 20);
Insert into SCOTT.EMP
   (EMPNO, ENAME, JOB, MGR, HIREDATE, SAL, DEPTNO)
 Values
   (7934, 'MILLER', 'CLERK', 7782, 
    TO_DATE('01/23/1982 00:00:00', 'MM/DD/YYYY HH24:MI:SS'), 1300, 10);
COMMIT;
 